measure_id,measure_name,year,scenario,rate_mean,rate_lower,rate_median,rate_upper,reduction_fraction,scenario_note,period
1,Deaths,1990,Observed projection,2.055181427306303,2.020938299655937,2.055181427306303,2.089424554956669,0,BAPC total-burden continuation,Observed fit
1,Deaths,1991,Observed projection,2.0425327937174185,2.0143281965384356,2.0425327937174185,2.070737390896401,0,BAPC total-burden continuation,Observed fit
1,Deaths,1992,Observed projection,2.0330157994039593,2.0053010315603434,2.0330157994039593,2.060730567247575,0,BAPC total-burden continuation,Observed fit
1,Deaths,1993,Observed projection,2.027501248019006,2.0002890641212563,2.027501248019006,2.0547134319167566,0,BAPC total-burden continuation,Observed fit
1,Deaths,1994,Observed projection,2.0276302523454652,2.0007732880157434,2.0276302523454652,2.054487216675187,0,BAPC total-burden continuation,Observed fit
1,Deaths,1995,Observed projection,2.023572847686874,1.9970168043256709,2.023572847686874,2.0501288910480775,0,BAPC total-burden continuation,Observed fit
1,Deaths,1996,Observed projection,2.005576015411949,1.9794563486902483,2.005576015411949,2.0316956821336496,0,BAPC total-burden continuation,Observed fit
1,Deaths,1997,Observed projection,1.9755927520080367,1.9499974736614802,1.9755927520080367,2.001188030354593,0,BAPC total-burden continuation,Observed fit
1,Deaths,1998,Observed projection,1.951069894786369,1.925929860385782,1.951069894786369,1.976209929186956,0,BAPC total-burden continuation,Observed fit
1,Deaths,1999,Observed projection,1.9330361619675396,1.9083155912013083,1.9330361619675396,1.9577567327337708,0,BAPC total-burden continuation,Observed fit
1,Deaths,2000,Observed projection,1.914047951172521,1.8897169514912895,1.914047951172521,1.9383789508537526,0,BAPC total-burden continuation,Observed fit
1,Deaths,2001,Observed projection,1.8854370076814944,1.8615856533394908,1.8854370076814944,1.9092883620234977,0,BAPC total-burden continuation,Observed fit
1,Deaths,2002,Observed projection,1.8449694475016813,1.8217164855594967,1.8449694475016813,1.868222409443866,0,BAPC total-burden continuation,Observed fit
1,Deaths,2003,Observed projection,1.8049154513437529,1.7822427159861673,1.8049154513437529,1.8275881867013384,0,BAPC total-burden continuation,Observed fit
1,Deaths,2004,Observed projection,1.7752439196816443,1.7530719738086842,1.7752439196816443,1.7974158655546044,0,BAPC total-burden continuation,Observed fit
1,Deaths,2005,Observed projection,1.7529497175201,1.7311909984752105,1.7529497175201,1.7747084365649894,0,BAPC total-burden continuation,Observed fit
1,Deaths,2006,Observed projection,1.7500465400224925,1.7285634191384671,1.7500465400224925,1.7715296609065179,0,BAPC total-burden continuation,Observed fit
1,Deaths,2007,Observed projection,1.765462760118453,1.7441469354427144,1.765462760118453,1.7867785847941917,0,BAPC total-burden continuation,Observed fit
1,Deaths,2008,Observed projection,1.7874474157121838,1.7661959225094395,1.7874474157121838,1.8086989089149283,0,BAPC total-burden continuation,Observed fit
1,Deaths,2009,Observed projection,1.7857668769785398,1.7647886598901337,1.7857668769785398,1.806745094066946,0,BAPC total-burden continuation,Observed fit
1,Deaths,2010,Observed projection,1.7659986700419783,1.7454401209815913,1.7659986700419783,1.7865572191023653,0,BAPC total-burden continuation,Observed fit
1,Deaths,2011,Observed projection,1.7342528162534532,1.7141916783089655,1.7342528162534532,1.754313954197941,0,BAPC total-burden continuation,Observed fit
1,Deaths,2012,Observed projection,1.7098014330335243,1.6901605986169397,1.7098014330335243,1.7294422674501089,0,BAPC total-burden continuation,Observed fit
1,Deaths,2013,Observed projection,1.6907665029721188,1.6714933457306667,1.6907665029721188,1.710039660213571,0,BAPC total-burden continuation,Observed fit
1,Deaths,2014,Observed projection,1.6977718417714651,1.6787145652193096,1.6977718417714651,1.7168291183236206,0,BAPC total-burden continuation,Observed fit
1,Deaths,2015,Observed projection,1.7089851172402974,1.6900860851387374,1.7089851172402974,1.7278841493418575,0,BAPC total-burden continuation,Observed fit
1,Deaths,2016,Observed projection,1.7233880475820307,1.7045924099289775,1.7233880475820307,1.7421836852350838,0,BAPC total-burden continuation,Observed fit
1,Deaths,2017,Observed projection,1.7097838433953703,1.691310464006512,1.7097838433953703,1.7282572227842288,0,BAPC total-burden continuation,Observed fit
1,Deaths,2018,Observed projection,1.6641082072936777,1.6462616398941448,1.6641082072936777,1.6819547746932106,0,BAPC total-burden continuation,Observed fit
1,Deaths,2019,Observed projection,1.6108420799138639,1.593574610518637,1.6108420799138639,1.628109549309091,0,BAPC total-burden continuation,Observed fit
1,Deaths,2020,Observed projection,1.578708285298204,1.5617574564813073,1.578708285298204,1.5956591141151009,0,BAPC total-burden continuation,Observed fit
1,Deaths,2021,Observed projection,1.6014724856367748,1.5846392488514867,1.6014724856367748,1.618305722422063,0,BAPC total-burden continuation,Observed fit
1,Deaths,2022,Observed projection,1.6464694317415225,1.629338752383293,1.6464694317415225,1.6636001110997518,0,BAPC total-burden continuation,Observed fit
1,Deaths,2023,Observed projection,1.6110633190835246,1.5924046309842217,1.6110633190835246,1.6297220071828278,0,BAPC total-burden continuation,Observed fit
1,Deaths,2024,Observed projection,1.6045482408163247,1.5391860011850795,1.6045482408163247,1.66991048044757,0,BAPC total-burden continuation,Projected
1,Deaths,2025,Observed projection,1.5911552003898097,1.4689741743144964,1.5911552003898097,1.713336226465123,0,BAPC total-burden continuation,Projected
1,Deaths,2026,Observed projection,1.5788636210321594,1.3888549188003607,1.5788636210321594,1.768872323263958,0,BAPC total-burden continuation,Projected
1,Deaths,2027,Observed projection,1.56718442978246,1.3009318975544852,1.56718442978246,1.8334369620104347,0,BAPC total-burden continuation,Projected
1,Deaths,2028,Observed projection,1.55554444028045,1.2059637102675447,1.55554444028045,1.9051251702933552,0,BAPC total-burden continuation,Projected
1,Deaths,2029,Observed projection,1.544606769077443,1.105176629315817,1.544606769077443,1.9840369088390692,0,BAPC total-burden continuation,Projected
1,Deaths,2030,Observed projection,1.534368299378559,0.9992364507563747,1.534368299378559,2.0695001480007433,0,BAPC total-burden continuation,Projected
1,Deaths,2031,Observed projection,1.5249693627523102,0.8887350659632324,1.5249693627523102,2.161203659541388,0,BAPC total-burden continuation,Projected
1,Deaths,2032,Observed projection,1.5160093713369975,0.773837285049597,1.5160093713369975,2.258181457624398,0,BAPC total-burden continuation,Projected
1,Deaths,2033,Observed projection,1.5070139898932722,0.6546398377543337,1.5070139898932722,2.35938814203221,0,BAPC total-burden continuation,Projected
1,Deaths,2034,Observed projection,1.4986270626074698,0.531616575529967,1.4986270626074698,2.4656375496849723,0,BAPC total-burden continuation,Projected
1,Deaths,2035,Observed projection,1.4908575341350774,0.40497785414785437,1.4908575341350774,2.5767372141223,0,BAPC total-burden continuation,Projected
1,Deaths,2036,Observed projection,1.4838678476543061,0.27491779002939837,1.4838678476543061,2.6928179052792136,0,BAPC total-burden continuation,Projected
1,Deaths,2037,Observed projection,1.4774227492241365,0.14149975372618406,1.4774227492241365,2.813345744722089,0,BAPC total-burden continuation,Projected
1,Deaths,2038,Observed projection,1.4711765201065048,0.004788138173027804,1.4711765201065048,2.9375649020399814,0,BAPC total-burden continuation,Projected
1,Deaths,2039,Observed projection,1.465688272382178,0,1.465688272382178,3.0665913133662364,0,BAPC total-burden continuation,Projected
1,Deaths,2040,Observed projection,1.4609558327577241,0,1.4609558327577241,3.20043797172121,0,BAPC total-burden continuation,Projected
1,Deaths,2041,Observed projection,1.4571173762058467,0,1.4571173762058467,3.339460323375215,0,BAPC total-burden continuation,Projected
1,Deaths,2042,Observed projection,1.454039989754916,0,1.454039989754916,3.483440846825416,0,BAPC total-burden continuation,Projected
1,Deaths,2043,Observed projection,1.4514339095491464,0,1.4514339095491464,3.631771571397973,0,BAPC total-burden continuation,Projected
1,Deaths,2044,Observed projection,1.449662718106182,0,1.449662718106182,3.7855052270466785,0,BAPC total-burden continuation,Projected
1,Deaths,2045,Observed projection,1.4486669150170604,0,1.4486669150170604,3.9446407453139236,0,BAPC total-burden continuation,Projected
1,Deaths,2046,Observed projection,1.4485016432913946,0,1.4485016432913946,4.109490367001854,0,BAPC total-burden continuation,Projected
1,Deaths,2047,Observed projection,1.4490665535137095,0,1.4490665535137095,4.279945883000626,0,BAPC total-burden continuation,Projected
1,Deaths,2048,Observed projection,1.4501073575366021,0,1.4501073575366021,4.455419521919132,0,BAPC total-burden continuation,Projected
1,Deaths,2049,Observed projection,1.4518603117916726,0,1.4518603117916726,4.636824774354938,0,BAPC total-burden continuation,Projected
1,Deaths,2050,Observed projection,1.4542961515366104,0,1.4542961515366104,4.824267304251773,0,BAPC total-burden continuation,Projected
1,Deaths,1990,Scenario A: sex-equalized high BMI,2.052096827960837,2.0175659240097006,2.052096827960837,2.0866277319119733,0.12069163317799839,Total-burden projection minus deterministic sex-equalization fraction of high-BMI-attributable projection,Observed fit
1,Deaths,1991,Scenario A: sex-equalized high BMI,2.039337659930609,2.0108914616882037,2.039337659930609,2.067783858173014,0.12069163317799839,Total-burden projection minus deterministic sex-equalization fraction of high-BMI-attributable projection,Observed fit
1,Deaths,1992,Scenario A: sex-equalized high BMI,2.029710508727692,2.001783424625541,2.029710508727692,2.057637592829843,0.12069163317799839,Total-burden projection minus deterministic sex-equalization fraction of high-BMI-attributable projection,Observed fit
1,Deaths,1993,Scenario A: sex-equalized high BMI,2.024086586193471,1.9966773238294602,2.024086586193471,2.0514958485574826,0.12069163317799839,Total-burden projection minus deterministic sex-equalization fraction of high-BMI-attributable projection,Observed fit
1,Deaths,1994,Scenario A: sex-equalized high BMI,2.024107795345964,1.9970596268353007,2.024107795345964,2.0511559638566275,0.12069163317799839,Total-burden projection minus deterministic sex-equalization fraction of high-BMI-attributable projection,Observed fit
1,Deaths,1995,Scenario A: sex-equalized high BMI,2.019946391942746,1.9931999342239939,2.019946391942746,2.0466928496614973,0.12069163317799839,Total-burden projection minus deterministic sex-equalization fraction of high-BMI-attributable projection,Observed fit
1,Deaths,1996,Scenario A: sex-equalized high BMI,2.0018531793358734,1.9755418223718189,2.0018531793358734,2.0281645362999274,0.12069163317799839,Total-burden projection minus deterministic sex-equalization fraction of high-BMI-attributable projection,Observed fit
1,Deaths,1997,Scenario A: sex-equalized high BMI,1.971784423691125,1.945995921021423,1.971784423691125,1.997572926360827,0.12069163317799839,Total-burden projection minus deterministic sex-equalization fraction of high-BMI-attributable projection,Observed fit
1,Deaths,1998,Scenario A: sex-equalized high BMI,1.9471872207860572,1.921853001465172,1.9471872207860572,1.9725214401069422,0.12069163317799839,Total-burden projection minus deterministic sex-equalization fraction of high-BMI-attributable projection,Observed fit
1,Deaths,1999,Scenario A: sex-equalized high BMI,1.9290886556705886,1.9041738047124304,1.9290886556705886,1.9540035066287469,0.12069163317799839,Total-burden projection minus deterministic sex-equalization fraction of high-BMI-attributable projection,Observed fit
1,Deaths,2000,Scenario A: sex-equalized high BMI,1.9100489548082007,1.8855247596680993,1.9100489548082007,1.934573149948302,0.12069163317799839,Total-burden projection minus deterministic sex-equalization fraction of high-BMI-attributable projection,Observed fit
1,Deaths,2001,Scenario A: sex-equalized high BMI,1.8814001291070672,1.8573576529910045,1.8814001291070672,1.9054426052231295,0.12069163317799839,Total-burden projection minus deterministic sex-equalization fraction of high-BMI-attributable projection,Observed fit
1,Deaths,2002,Scenario A: sex-equalized high BMI,1.840904522933825,1.8174625790594139,1.840904522933825,1.8643464668082361,0.12069163317799839,Total-burden projection minus deterministic sex-equalization fraction of high-BMI-attributable projection,Observed fit
1,Deaths,2003,Scenario A: sex-equalized high BMI,1.8008276125356828,1.7779672418188857,1.8008276125356828,1.8236879832524802,0.12069163317799839,Total-burden projection minus deterministic sex-equalization fraction of high-BMI-attributable projection,Observed fit
1,Deaths,2004,Scenario A: sex-equalized high BMI,1.7711271641129238,1.7487678642339424,1.7711271641129238,1.7934864639919053,0.12069163317799839,Total-burden projection minus deterministic sex-equalization fraction of high-BMI-attributable projection,Observed fit
1,Deaths,2005,Scenario A: sex-equalized high BMI,1.7487911055040735,1.7268448689201386,1.7487911055040735,1.7707373420880081,0.12069163317799839,Total-burden projection minus deterministic sex-equalization fraction of high-BMI-attributable projection,Observed fit
1,Deaths,2006,Scenario A: sex-equalized high BMI,1.7458290488783412,1.724158382331902,1.7458290488783412,1.7674997154247805,0.12069163317799839,Total-burden projection minus deterministic sex-equalization fraction of high-BMI-attributable projection,Observed fit
1,Deaths,2007,Scenario A: sex-equalized high BMI,1.7611686334958732,1.7396652613479884,1.7611686334958732,1.7826720056437584,0.12069163317799839,Total-burden projection minus deterministic sex-equalization fraction of high-BMI-attributable projection,Observed fit
1,Deaths,2008,Scenario A: sex-equalized high BMI,1.7830625493892205,1.76162316273423,1.7830625493892205,1.8045019360442112,0.12069163317799839,Total-burden projection minus deterministic sex-equalization fraction of high-BMI-attributable projection,Observed fit
1,Deaths,2009,Scenario A: sex-equalized high BMI,1.7812883870602942,1.7601217990638571,1.7812883870602942,1.8024549750567316,0.12069163317799839,Total-burden projection minus deterministic sex-equalization fraction of high-BMI-attributable projection,Observed fit
1,Deaths,2010,Scenario A: sex-equalized high BMI,1.7614186374402157,1.740670892328489,1.7614186374402157,1.782166382551942,0.12069163317799839,Total-burden projection minus deterministic sex-equalization fraction of high-BMI-attributable projection,Observed fit
1,Deaths,2011,Scenario A: sex-equalized high BMI,1.7295619336742962,1.7093105682800303,1.7295619336742962,1.749813299068562,0.12069163317799839,Total-burden projection minus deterministic sex-equalization fraction of high-BMI-attributable projection,Observed fit
1,Deaths,2012,Scenario A: sex-equalized high BMI,1.7049817825288773,1.6851492569845872,1.7049817825288773,1.7248143080731675,0.12069163317799839,Total-burden projection minus deterministic sex-equalization fraction of high-BMI-attributable projection,Observed fit
1,Deaths,2013,Scenario A: sex-equalized high BMI,1.6858019633016712,1.6663349244038486,1.6858019633016712,1.7052690021994938,0.12069163317799839,Total-burden projection minus deterministic sex-equalization fraction of high-BMI-attributable projection,Observed fit
1,Deaths,2014,Scenario A: sex-equalized high BMI,1.6926475829889709,1.6733927949425034,1.6926475829889709,1.7119023710354382,0.12069163317799839,Total-burden projection minus deterministic sex-equalization fraction of high-BMI-attributable projection,Observed fit
1,Deaths,2015,Scenario A: sex-equalized high BMI,1.7037017040392803,1.6846006488769802,1.7037017040392803,1.7228027592015804,0.12069163317799839,Total-burden projection minus deterministic sex-equalization fraction of high-BMI-attributable projection,Observed fit
1,Deaths,2016,Scenario A: sex-equalized high BMI,1.717958142292639,1.6989573612148756,1.717958142292639,1.7369589233704028,0.12069163317799839,Total-burden projection minus deterministic sex-equalization fraction of high-BMI-attributable projection,Observed fit
1,Deaths,2017,Scenario A: sex-equalized high BMI,1.7042412393859263,1.6855630000766886,1.7042412393859263,1.7229194786951645,0.12069163317799839,Total-burden projection minus deterministic sex-equalization fraction of high-BMI-attributable projection,Observed fit
1,Deaths,2018,Scenario A: sex-equalized high BMI,1.6584845429190973,1.6404343994242765,1.6584845429190973,1.6765346864139181,0.12069163317799839,Total-burden projection minus deterministic sex-equalization fraction of high-BMI-attributable projection,Observed fit
1,Deaths,2019,Scenario A: sex-equalized high BMI,1.6051410649625173,1.5876687341454416,1.6051410649625173,1.6226133957795932,0.12069163317799839,Total-burden projection minus deterministic sex-equalization fraction of high-BMI-attributable projection,Observed fit
1,Deaths,2020,Scenario A: sex-equalized high BMI,1.5729020560603952,1.5557426992212815,1.5729020560603952,1.5900614128995092,0.12069163317799839,Total-burden projection minus deterministic sex-equalization fraction of high-BMI-attributable projection,Observed fit
1,Deaths,2021,Scenario A: sex-equalized high BMI,1.5954861379272784,1.5784354015369495,1.5954861379272784,1.6125368743176074,0.12069163317799839,Total-burden projection minus deterministic sex-equalization fraction of high-BMI-attributable projection,Observed fit
1,Deaths,2022,Scenario A: sex-equalized high BMI,1.6402667995072064,1.6228902857698806,1.6402667995072064,1.6576433132445323,0.12069163317799839,Total-burden projection minus deterministic sex-equalization fraction of high-BMI-attributable projection,Observed fit
1,Deaths,2023,Scenario A: sex-equalized high BMI,1.6046558112449212,1.5856812178530975,1.6046558112449212,1.6236304046367451,0.12069163317799839,Total-burden projection minus deterministic sex-equalization fraction of high-BMI-attributable projection,Observed fit
1,Deaths,2024,Scenario A: sex-equalized high BMI,1.5979364385020483,1.5320853762938698,1.5979364385020483,1.663787500710227,0.12069163317799839,Total-burden projection minus deterministic sex-equalization fraction of high-BMI-attributable projection,Projected
1,Deaths,2025,Scenario A: sex-equalized high BMI,1.584323533683554,1.461448894005048,1.584323533683554,1.7071981733620596,0.12069163317799839,Total-burden projection minus deterministic sex-equalization fraction of high-BMI-attributable projection,Projected
1,Deaths,2026,Scenario A: sex-equalized high BMI,1.5718044396374922,1.3808472842106492,1.5718044396374922,1.7627615950643352,0.12069163317799839,Total-burden projection minus deterministic sex-equalization fraction of high-BMI-attributable projection,Projected
1,Deaths,2027,Scenario A: sex-equalized high BMI,1.5598907703329623,1.2923901875481347,1.5598907703329623,1.82739135311779,0.12069163317799839,Total-burden projection minus deterministic sex-equalization fraction of high-BMI-attributable projection,Projected
1,Deaths,2028,Scenario A: sex-equalized high BMI,1.5480100172183422,1.196838583899378,1.5480100172183422,1.8991814505373064,0.12069163317799839,Total-burden projection minus deterministic sex-equalization fraction of high-BMI-attributable projection,Projected
1,Deaths,2029,Scenario A: sex-equalized high BMI,1.5368249958396376,1.0954181534943273,1.5368249958396376,1.9782318381849482,0.12069163317799839,Total-burden projection minus deterministic sex-equalization fraction of high-BMI-attributable projection,Projected
1,Deaths,2030,Scenario A: sex-equalized high BMI,1.5263317723850294,0.988792923330778,1.5263317723850294,2.063870621439281,0.12069163317799839,Total-burden projection minus deterministic sex-equalization fraction of high-BMI-attributable projection,Projected
1,Deaths,2031,Scenario A: sex-equalized high BMI,1.5166704567911642,0.8775529745373362,1.5166704567911642,2.155787939044992,0.12069163317799839,Total-burden projection minus deterministic sex-equalization fraction of high-BMI-attributable projection,Projected
1,Deaths,2032,Scenario A: sex-equalized high BMI,1.507441333772262,0.7618623245476177,1.507441333772262,2.2530203429969067,0.12069163317799839,Total-burden projection minus deterministic sex-equalization fraction of high-BMI-attributable projection,Projected
1,Deaths,2033,Scenario A: sex-equalized high BMI,1.4981710395346588,0.6418169531981202,1.4981710395346588,2.3545251258711968,0.12069163317799839,Total-burden projection minus deterministic sex-equalization fraction of high-BMI-attributable projection,Projected
1,Deaths,2034,Scenario A: sex-equalized high BMI,1.4895033211054611,0.5178885273461379,1.4895033211054611,2.461118114864784,0.12069163317799839,Total-burden projection minus deterministic sex-equalization fraction of high-BMI-attributable projection,Projected
1,Deaths,2035,Scenario A: sex-equalized high BMI,1.4814463909586961,0.39028453550651987,1.4814463909586961,2.572608246410872,0.12069163317799839,Total-burden projection minus deterministic sex-equalization fraction of high-BMI-attributable projection,Projected
1,Deaths,2036,Scenario A: sex-equalized high BMI,1.4741626371963232,0.2591968994349004,1.4741626371963232,2.6891283749577455,0.12069163317799839,Total-burden projection minus deterministic sex-equalization fraction of high-BMI-attributable projection,Projected
1,Deaths,2037,Scenario A: sex-equalized high BMI,1.4674177965301132,0.12468828999469128,1.4674177965301132,2.810147303065535,0.12069163317799839,Total-burden projection minus deterministic sex-equalization fraction of high-BMI-attributable projection,Projected
1,Deaths,2038,Scenario A: sex-equalized high BMI,1.4608672312852682,0,1.4608672312852682,2.934911829800113,0.12069163317799839,Total-burden projection minus deterministic sex-equalization fraction of high-BMI-attributable projection,Projected
1,Deaths,2039,Scenario A: sex-equalized high BMI,1.4550701005106434,0,1.4550701005106434,3.064540038240374,0.12069163317799839,Total-burden projection minus deterministic sex-equalization fraction of high-BMI-attributable projection,Projected
1,Deaths,2040,Scenario A: sex-equalized high BMI,1.450023511500512,0,1.450023511500512,3.1990466494554477,0.12069163317799839,Total-burden projection minus deterministic sex-equalization fraction of high-BMI-attributable projection,Projected
1,Deaths,2041,Scenario A: sex-equalized high BMI,1.4458656545958246,0,1.4458656545958246,3.338789259273776,0.12069163317799839,Total-burden projection minus deterministic sex-equalization fraction of high-BMI-attributable projection,Projected
1,Deaths,2042,Scenario A: sex-equalized high BMI,1.4424645608567876,0,1.4424645608567876,3.483440846825416,0.12069163317799839,Total-burden projection minus deterministic sex-equalization fraction of high-BMI-attributable projection,Projected
1,Deaths,2043,Scenario A: sex-equalized high BMI,1.439531470948989,0,1.439531470948989,3.631771571397973,0.12069163317799839,Total-burden projection minus deterministic sex-equalization fraction of high-BMI-attributable projection,Projected
1,Deaths,2044,Scenario A: sex-equalized high BMI,1.4374300889243232,0,1.4374300889243232,3.7855052270466785,0.12069163317799839,Total-burden projection minus deterministic sex-equalization fraction of high-BMI-attributable projection,Projected
1,Deaths,2045,Scenario A: sex-equalized high BMI,1.436100166387907,0,1.436100166387907,3.9446407453139236,0.12069163317799839,Total-burden projection minus deterministic sex-equalization fraction of high-BMI-attributable projection,Projected
1,Deaths,2046,Scenario A: sex-equalized high BMI,1.4355968259368979,0,1.4355968259368979,4.109490367001854,0.12069163317799839,Total-burden projection minus deterministic sex-equalization fraction of high-BMI-attributable projection,Projected
1,Deaths,2047,Scenario A: sex-equalized high BMI,1.435820439885253,0,1.435820439885253,4.279945883000626,0.12069163317799839,Total-burden projection minus deterministic sex-equalization fraction of high-BMI-attributable projection,Projected
1,Deaths,2048,Scenario A: sex-equalized high BMI,1.436517442955544,0,1.436517442955544,4.455419521919132,0.12069163317799839,Total-burden projection minus deterministic sex-equalization fraction of high-BMI-attributable projection,Projected
1,Deaths,2049,Scenario A: sex-equalized high BMI,1.4379240692408501,0,1.4379240692408501,4.636824774354938,0.12069163317799839,Total-burden projection minus deterministic sex-equalization fraction of high-BMI-attributable projection,Projected
1,Deaths,2050,Scenario A: sex-equalized high BMI,1.4400101637579508,0,1.4400101637579508,4.824267304251773,0.12069163317799839,Total-burden projection minus deterministic sex-equalization fraction of high-BMI-attributable projection,Projected
1,Deaths,1990,Scenario B: high BMI at TMREL,2.029623737313684,1.9929962165352038,2.029623737313684,2.066251258092164,1,Total-burden projection minus full high-BMI-attributable projection; theoretical TMREL upper bound,Observed fit
1,Deaths,1991,Scenario B: high BMI at TMREL,2.0160592619350015,1.985852860181328,2.0160592619350015,2.0462656636886742,1,Total-burden projection minus full high-BMI-attributable projection; theoretical TMREL upper bound,Observed fit
1,Deaths,1992,Scenario B: high BMI at TMREL,2.0056295540675277,1.9761556231987332,2.0056295540675277,2.035103484936322,1,Total-burden projection minus full high-BMI-attributable projection; theoretical TMREL upper bound,Observed fit
1,Deaths,1993,Scenario B: high BMI at TMREL,1.9992087994405778,1.9703637064415784,1.9992087994405778,2.0280538924395777,1,Total-burden projection minus full high-BMI-attributable projection; theoretical TMREL upper bound,Observed fit
1,Deaths,1994,Scenario B: high BMI at TMREL,1.9984446583921032,1.9700034568132299,1.9984446583921032,2.0268858599709767,1,Total-burden projection minus full high-BMI-attributable projection; theoretical TMREL upper bound,Observed fit
1,Deaths,1995,Scenario B: high BMI at TMREL,1.9935255639718539,1.9653918275052167,1.9935255639718539,2.021659300438491,1,Total-burden projection minus full high-BMI-attributable projection; theoretical TMREL upper bound,Observed fit
1,Deaths,1996,Scenario B: high BMI at TMREL,1.974730164891514,1.9470222336206786,1.974730164891514,2.0024380961623494,1,Total-burden projection minus full high-BMI-attributable projection; theoretical TMREL upper bound,Observed fit
1,Deaths,1997,Scenario B: high BMI at TMREL,1.9440385488157161,1.916842295173212,1.9440385488157161,1.97123480245822,1,Total-burden projection minus full high-BMI-attributable projection; theoretical TMREL upper bound,Observed fit
1,Deaths,1998,Scenario B: high BMI at TMREL,1.9188996945987096,1.8921507257990682,1.9188996945987096,1.945648663398351,1,Total-burden projection minus full high-BMI-attributable projection; theoretical TMREL upper bound,Observed fit
1,Deaths,1999,Scenario B: high BMI at TMREL,1.9003287886972724,1.873998494151427,1.9003287886972724,1.9266590832431176,1,Total-burden projection minus full high-BMI-attributable projection; theoretical TMREL upper bound,Observed fit
1,Deaths,2000,Scenario B: high BMI at TMREL,1.8809139529075163,1.8549822170875594,1.8809139529075163,1.9068456887274732,1,Total-burden projection minus full high-BMI-attributable projection; theoretical TMREL upper bound,Observed fit
1,Deaths,2001,Scenario B: high BMI at TMREL,1.8519891333912064,1.8265542245887445,1.8519891333912064,1.8774240421936683,1,Total-burden projection minus full high-BMI-attributable projection; theoretical TMREL upper bound,Observed fit
1,Deaths,2002,Scenario B: high BMI at TMREL,1.811289195931456,1.7864704093562769,1.811289195931456,1.8361079825066353,1,Total-burden projection minus full high-BMI-attributable projection; theoretical TMREL upper bound,Observed fit
1,Deaths,2003,Scenario B: high BMI at TMREL,1.7710453420376573,1.746817939183485,1.7710453420376573,1.7952727448918293,1,Total-burden projection minus full high-BMI-attributable projection; theoretical TMREL upper bound,Observed fit
1,Deaths,2004,Scenario B: high BMI at TMREL,1.74113421828545,1.717409936089847,1.74113421828545,1.764858500481053,1,Total-burden projection minus full high-BMI-attributable projection; theoretical TMREL upper bound,Observed fit
1,Deaths,2005,Scenario B: high BMI at TMREL,1.7184932112443627,1.6951808009111233,1.7184932112443627,1.7418056215776017,1,Total-burden projection minus full high-BMI-attributable projection; theoretical TMREL upper bound,Observed fit
1,Deaths,2006,Scenario B: high BMI at TMREL,1.7151021861091496,1.6920651409183973,1.7151021861091496,1.7381392312999018,1,Total-burden projection minus full high-BMI-attributable projection; theoretical TMREL upper bound,Observed fit
1,Deaths,2007,Scenario B: high BMI at TMREL,1.729883436933335,1.7070136729561887,1.729883436933335,1.7527532009104814,1,Total-burden projection minus full high-BMI-attributable projection; theoretical TMREL upper bound,Observed fit
1,Deaths,2008,Scenario B: high BMI at TMREL,1.751116261617215,1.7283079624677893,1.751116261617215,1.7739245607666407,1,Total-burden projection minus full high-BMI-attributable projection; theoretical TMREL upper bound,Observed fit
1,Deaths,2009,Scenario B: high BMI at TMREL,1.7486599972361754,1.7261210182037068,1.7486599972361754,1.771198976268644,1,Total-burden projection minus full high-BMI-attributable projection; theoretical TMREL upper bound,Observed fit
1,Deaths,2010,Scenario B: high BMI at TMREL,1.7280504504250638,1.7059243026309645,1.7280504504250638,1.750176598219163,1,Total-burden projection minus full high-BMI-attributable projection; theoretical TMREL upper bound,Observed fit
1,Deaths,2011,Scenario B: high BMI at TMREL,1.6953861404480242,1.673748858037105,1.6953861404480242,1.7170234228589434,1,Total-burden projection minus full high-BMI-attributable projection; theoretical TMREL upper bound,Observed fit
1,Deaths,2012,Scenario B: high BMI at TMREL,1.6698678404742227,1.6486387341728517,1.6698678404742227,1.6910969467755934,1,Total-burden projection minus full high-BMI-attributable projection; theoretical TMREL upper bound,Observed fit
1,Deaths,2013,Scenario B: high BMI at TMREL,1.6496324198569627,1.6287528409335326,1.6496324198569627,1.6705119987803927,1,Total-burden projection minus full high-BMI-attributable projection; theoretical TMREL upper bound,Observed fit
1,Deaths,2014,Scenario B: high BMI at TMREL,1.6553143934168064,1.6346206198754971,1.6553143934168064,1.676008166958116,1,Total-burden projection minus full high-BMI-attributable projection; theoretical TMREL upper bound,Observed fit
1,Deaths,2015,Scenario B: high BMI at TMREL,1.665208982458651,1.6446360724301758,1.665208982458651,1.685781892487126,1,Total-burden projection minus full high-BMI-attributable projection; theoretical TMREL upper bound,Observed fit
1,Deaths,2016,Scenario B: high BMI at TMREL,1.6783981411037303,1.6579027715031613,1.6783981411037303,1.6988935107042993,1,Total-burden projection minus full high-BMI-attributable projection; theoretical TMREL upper bound,Observed fit
1,Deaths,2017,Scenario B: high BMI at TMREL,1.6638601628261502,1.6436894004871632,1.6638601628261502,1.6840309251651375,1,Total-burden projection minus full high-BMI-attributable projection; theoretical TMREL upper bound,Observed fit
1,Deaths,2018,Scenario B: high BMI at TMREL,1.617512894706545,1.5979795815904494,1.617512894706545,1.6370462078226407,1,Total-burden projection minus full high-BMI-attributable projection; theoretical TMREL upper bound,Observed fit
1,Deaths,2019,Scenario B: high BMI at TMREL,1.5636058730515494,1.5446410082656516,1.5636058730515494,1.5825707378374472,1,Total-burden projection minus full high-BMI-attributable projection; theoretical TMREL upper bound,Observed fit
1,Deaths,2020,Scenario B: high BMI at TMREL,1.5306003172069484,1.5119217130942326,1.5306003172069484,1.5492789213196643,1,Total-burden projection minus full high-BMI-attributable projection; theoretical TMREL upper bound,Observed fit
1,Deaths,2021,Scenario B: high BMI at TMREL,1.5518721318105277,1.5332367849757382,1.5518721318105277,1.5705074786453175,1,Total-burden projection minus full high-BMI-attributable projection; theoretical TMREL upper bound,Observed fit
1,Deaths,2022,Scenario B: high BMI at TMREL,1.5950770355083201,1.5759094761061037,1.5950770355083201,1.6142445949105362,1,Total-burden projection minus full high-BMI-attributable projection; theoretical TMREL upper bound,Observed fit
1,Deaths,2023,Scenario B: high BMI at TMREL,1.5579734099499432,1.5366972637534841,1.5579734099499432,1.5792495561464026,1,Total-burden projection minus full high-BMI-attributable projection; theoretical TMREL upper bound,Observed fit
1,Deaths,2024,Scenario B: high BMI at TMREL,1.5497656337691137,1.4803532163081217,1.5497656337691137,1.619178051230106,1,Total-burden projection minus full high-BMI-attributable projection; theoretical TMREL upper bound,Projected
1,Deaths,2025,Scenario B: high BMI at TMREL,1.534550889665301,1.4066228736377555,1.534550889665301,1.6624789056928466,1,Total-burden projection minus full high-BMI-attributable projection; theoretical TMREL upper bound,Projected
1,Deaths,2026,Scenario B: high BMI at TMREL,1.5203742194987804,1.3225070338736424,1.5203742194987804,1.718241405123918,1,Total-burden projection minus full high-BMI-attributable projection; theoretical TMREL upper bound,Projected
1,Deaths,2027,Scenario B: high BMI at TMREL,1.5067522419211785,1.2301588888426624,1.5067522419211785,1.7833455949996948,1,Total-burden projection minus full high-BMI-attributable projection; theoretical TMREL upper bound,Projected
1,Deaths,2028,Scenario B: high BMI at TMREL,1.493117386608919,1.1303567594964945,1.493117386608919,1.855878013721343,1,Total-burden projection minus full high-BMI-attributable projection; theoretical TMREL upper bound,Projected
1,Deaths,2029,Scenario B: high BMI at TMREL,1.480130276110208,1.0243220119365186,1.480130276110208,1.9359385402838973,1,Total-burden projection minus full high-BMI-attributable projection; theoretical TMREL upper bound,Projected
1,Deaths,2030,Scenario B: high BMI at TMREL,1.4677810241721894,0.9127057845403133,1.4677810241721894,2.0228562638040652,1,Total-burden projection minus full high-BMI-attributable projection; theoretical TMREL upper bound,Projected
1,Deaths,2031,Scenario B: high BMI at TMREL,1.4562081260151567,0.7960849697514705,1.4562081260151567,2.116331282278843,1,Total-burden projection minus full high-BMI-attributable projection; theoretical TMREL upper bound,Projected
1,Deaths,2032,Scenario B: high BMI at TMREL,1.44501822357368,0.6746178098742264,1.44501822357368,2.2154186372731335,1,Total-burden projection minus full high-BMI-attributable projection; theoretical TMREL upper bound,Projected
1,Deaths,2033,Scenario B: high BMI at TMREL,1.4337450305978785,0.5483948212725193,1.4337450305978785,2.319095239923237,1,Total-burden projection minus full high-BMI-attributable projection; theoretical TMREL upper bound,Projected
1,Deaths,2034,Scenario B: high BMI at TMREL,1.423031586253671,0.41787175476362015,1.423031586253671,2.428191417743722,1,Total-burden projection minus full high-BMI-attributable projection; theoretical TMREL upper bound,Projected
1,Deaths,2035,Scenario B: high BMI at TMREL,1.4128807686495894,0.28323520924002954,1.4128807686495894,2.5425263280591492,1,Total-burden projection minus full high-BMI-attributable projection; theoretical TMREL upper bound,Projected
1,Deaths,2036,Scenario B: high BMI at TMREL,1.403454564625237,0.14466111704766382,1.403454564625237,2.66224801220281,1,Total-burden projection minus full high-BMI-attributable projection; theoretical TMREL upper bound,Projected
1,Deaths,2037,Scenario B: high BMI at TMREL,1.3945259283710476,0.002207051416829253,1.3945259283710476,2.786844805325266,1,Total-burden projection minus full high-BMI-attributable projection; theoretical TMREL upper bound,Projected
1,Deaths,2038,Scenario B: high BMI at TMREL,1.385758098383499,0,1.385758098383499,2.915582663752133,1,Total-burden projection minus full high-BMI-attributable projection; theoretical TMREL upper bound,Projected
1,Deaths,2039,Scenario B: high BMI at TMREL,1.3777105759011408,0,1.3777105759011408,3.0495953123026256,1,Total-burden projection minus full high-BMI-attributable projection; theoretical TMREL upper bound,Projected
1,Deaths,2040,Scenario B: high BMI at TMREL,1.3703752268835057,0,1.3703752268835057,3.188910061880844,1,Total-burden projection minus full high-BMI-attributable projection; theoretical TMREL upper bound,Projected
1,Deaths,2041,Scenario B: high BMI at TMREL,1.363890353638112,0,1.363890353638112,3.3339001690897114,1,Total-burden projection minus full high-BMI-attributable projection; theoretical TMREL upper bound,Projected
1,Deaths,2042,Scenario B: high BMI at TMREL,1.358130865043207,0,1.358130865043207,3.483440846825416,1,Total-burden projection minus full high-BMI-attributable projection; theoretical TMREL upper bound,Projected
1,Deaths,2043,Scenario B: high BMI at TMREL,1.3528153202836972,0,1.3528153202836972,3.631771571397973,1,Total-burden projection minus full high-BMI-attributable projection; theoretical TMREL upper bound,Projected
1,Deaths,2044,Scenario B: high BMI at TMREL,1.348308308858791,0,1.348308308858791,3.7855052270466785,1,Total-burden projection minus full high-BMI-attributable projection; theoretical TMREL upper bound,Projected
1,Deaths,2045,Scenario B: high BMI at TMREL,1.344544132863473,0,1.344544132863473,3.9446407453139236,1,Total-burden projection minus full high-BMI-attributable projection; theoretical TMREL upper bound,Projected
1,Deaths,2046,Scenario B: high BMI at TMREL,1.3415777661783512,0,1.3415777661783512,4.109490367001854,1,Total-burden projection minus full high-BMI-attributable projection; theoretical TMREL upper bound,Projected
1,Deaths,2047,Scenario B: high BMI at TMREL,1.3393148393338141,0,1.3393148393338141,4.279945883000626,1,Total-burden projection minus full high-BMI-attributable projection; theoretical TMREL upper bound,Projected
1,Deaths,2048,Scenario B: high BMI at TMREL,1.3375070535783706,0,1.3375070535783706,4.455419521919132,1,Total-burden projection minus full high-BMI-attributable projection; theoretical TMREL upper bound,Projected
1,Deaths,2049,Scenario B: high BMI at TMREL,1.3363904802560505,0,1.3363904802560505,4.636824774354938,1,Total-burden projection minus full high-BMI-attributable projection; theoretical TMREL upper bound,Projected
1,Deaths,2050,Scenario B: high BMI at TMREL,1.3359284784636114,0,1.3359284784636114,4.824267304251773,1,Total-burden projection minus full high-BMI-attributable projection; theoretical TMREL upper bound,Projected
2,DALYs (Disability-Adjusted Life Years),1990,Observed projection,55.632898130646396,55.44796808804104,55.632898130646396,55.817828173251755,0,BAPC total-burden continuation,Observed fit
2,DALYs (Disability-Adjusted Life Years),1991,Observed projection,55.179524832728134,54.99932691996847,55.179524832728134,55.3597227454878,0,BAPC total-burden continuation,Observed fit
2,DALYs (Disability-Adjusted Life Years),1992,Observed projection,54.841241078214935,54.663914310294814,54.841241078214935,55.018567846135056,0,BAPC total-burden continuation,Observed fit
2,DALYs (Disability-Adjusted Life Years),1993,Observed projection,54.58233051892995,54.40760241135933,54.58233051892995,54.757058626500566,0,BAPC total-burden continuation,Observed fit
2,DALYs (Disability-Adjusted Life Years),1994,Observed projection,54.58208237398901,54.409538586444334,54.58208237398901,54.75462616153369,0,BAPC total-burden continuation,Observed fit
2,DALYs (Disability-Adjusted Life Years),1995,Observed projection,54.493408099647304,54.323050122803025,54.493408099647304,54.663766076491584,0,BAPC total-burden continuation,Observed fit
2,DALYs (Disability-Adjusted Life Years),1996,Observed projection,53.94093251315104,53.77360787951918,53.94093251315104,54.10825714678289,0,BAPC total-burden continuation,Observed fit
2,DALYs (Disability-Adjusted Life Years),1997,Observed projection,52.87443170897367,52.710934846112714,52.87443170897367,53.03792857183462,0,BAPC total-burden continuation,Observed fit
2,DALYs (Disability-Adjusted Life Years),1998,Observed projection,52.115198013356036,51.95496800615314,52.115198013356036,52.27542802055893,0,BAPC total-burden continuation,Observed fit
2,DALYs (Disability-Adjusted Life Years),1999,Observed projection,51.63650874545798,51.479348737916325,51.63650874545798,51.793668752999636,0,BAPC total-burden continuation,Observed fit
2,DALYs (Disability-Adjusted Life Years),2000,Observed projection,51.1631657537164,51.00881529828143,51.1631657537164,51.317516209151364,0,BAPC total-burden continuation,Observed fit
2,DALYs (Disability-Adjusted Life Years),2001,Observed projection,50.40771674342667,50.25680435301768,50.40771674342667,50.55862913383566,0,BAPC total-burden continuation,Observed fit
2,DALYs (Disability-Adjusted Life Years),2002,Observed projection,49.25768345194639,49.110831083928,49.25768345194639,49.40453581996479,0,BAPC total-burden continuation,Observed fit
2,DALYs (Disability-Adjusted Life Years),2003,Observed projection,48.150922908574486,48.00797939630993,48.150922908574486,48.293866420839045,0,BAPC total-burden continuation,Observed fit
2,DALYs (Disability-Adjusted Life Years),2004,Observed projection,47.472026421586854,47.332522705618906,47.472026421586854,47.6115301375548,0,BAPC total-burden continuation,Observed fit
2,DALYs (Disability-Adjusted Life Years),2005,Observed projection,46.71376727741781,46.577487852798114,46.71376727741781,46.85004670203751,0,BAPC total-burden continuation,Observed fit
2,DALYs (Disability-Adjusted Life Years),2006,Observed projection,46.5649840674173,46.43108527713285,46.5649840674173,46.69888285770174,0,BAPC total-burden continuation,Observed fit
2,DALYs (Disability-Adjusted Life Years),2007,Observed projection,46.94179021066224,46.80942204401803,46.94179021066224,47.07415837730645,0,BAPC total-burden continuation,Observed fit
2,DALYs (Disability-Adjusted Life Years),2008,Observed projection,47.66257033634686,47.531193379481806,47.66257033634686,47.793947293211914,0,BAPC total-burden continuation,Observed fit
2,DALYs (Disability-Adjusted Life Years),2009,Observed projection,47.482004197303006,47.35287993533064,47.482004197303006,47.61112845927538,0,BAPC total-burden continuation,Observed fit
2,DALYs (Disability-Adjusted Life Years),2010,Observed projection,46.92570876977578,46.79923204004548,46.92570876977578,47.05218549950608,0,BAPC total-burden continuation,Observed fit
2,DALYs (Disability-Adjusted Life Years),2011,Observed projection,46.0675410675593,45.94415432708024,46.0675410675593,46.19092780803836,0,BAPC total-burden continuation,Observed fit
2,DALYs (Disability-Adjusted Life Years),2012,Observed projection,45.504307963287516,45.38360442545827,45.504307963287516,45.62501150111677,0,BAPC total-burden continuation,Observed fit
2,DALYs (Disability-Adjusted Life Years),2013,Observed projection,44.88611010059663,44.768161358134215,44.88611010059663,45.00405884305904,0,BAPC total-burden continuation,Observed fit
2,DALYs (Disability-Adjusted Life Years),2014,Observed projection,45.18766619412429,45.07128415344989,45.18766619412429,45.30404823479869,0,BAPC total-burden continuation,Observed fit
2,DALYs (Disability-Adjusted Life Years),2015,Observed projection,45.39068276702743,45.27571322528115,45.39068276702743,45.505652308773705,0,BAPC total-burden continuation,Observed fit
2,DALYs (Disability-Adjusted Life Years),2016,Observed projection,45.874153560740915,45.76026294735614,45.874153560740915,45.98804417412569,0,BAPC total-burden continuation,Observed fit
2,DALYs (Disability-Adjusted Life Years),2017,Observed projection,45.583151165779775,45.47136377061975,45.583151165779775,45.694938560939796,0,BAPC total-burden continuation,Observed fit
2,DALYs (Disability-Adjusted Life Years),2018,Observed projection,44.46908075864426,44.36045790820785,44.46908075864426,44.577703609080665,0,BAPC total-burden continuation,Observed fit
2,DALYs (Disability-Adjusted Life Years),2019,Observed projection,43.241042532273596,43.135708092376,43.241042532273596,43.34637697217119,0,BAPC total-burden continuation,Observed fit
2,DALYs (Disability-Adjusted Life Years),2020,Observed projection,42.30475939154368,42.202030997049974,42.30475939154368,42.4074877860374,0,BAPC total-burden continuation,Observed fit
2,DALYs (Disability-Adjusted Life Years),2021,Observed projection,43.093338239562215,42.99092919076534,43.093338239562215,43.195747288359094,0,BAPC total-burden continuation,Observed fit
2,DALYs (Disability-Adjusted Life Years),2022,Observed projection,45.03102504556573,44.927502334197726,45.03102504556573,45.13454775693372,0,BAPC total-burden continuation,Observed fit
2,DALYs (Disability-Adjusted Life Years),2023,Observed projection,43.2828578086663,43.1820827337876,43.2828578086663,43.383632883545005,0,BAPC total-burden continuation,Observed fit
2,DALYs (Disability-Adjusted Life Years),2024,Observed projection,43.91807244102557,42.27038729895086,43.91807244102557,45.56575758310028,0,BAPC total-burden continuation,Projected
2,DALYs (Disability-Adjusted Life Years),2025,Observed projection,43.853844283194945,41.08592947986632,43.853844283194945,46.62175908652357,0,BAPC total-burden continuation,Projected
2,DALYs (Disability-Adjusted Life Years),2026,Observed projection,43.81922781722338,39.63065224765607,43.81922781722338,48.007803386790684,0,BAPC total-burden continuation,Projected
2,DALYs (Disability-Adjusted Life Years),2027,Observed projection,43.800539611617914,37.97735302664755,43.800539611617914,49.62372619658827,0,BAPC total-burden continuation,Projected
2,DALYs (Disability-Adjusted Life Years),2028,Observed projection,43.780774070304105,36.145823954512636,43.780774070304105,51.41572418609557,0,BAPC total-burden continuation,Projected
2,DALYs (Disability-Adjusted Life Years),2029,Observed projection,43.78221911437166,34.1683859833632,43.78221911437166,53.396052245380105,0,BAPC total-burden continuation,Projected
2,DALYs (Disability-Adjusted Life Years),2030,Observed projection,43.798794647029425,32.05373937666834,43.798794647029425,55.54384991739051,0,BAPC total-burden continuation,Projected
2,DALYs (Disability-Adjusted Life Years),2031,Observed projection,43.8345947215364,29.814489308387525,43.8345947215364,57.854700134685274,0,BAPC total-burden continuation,Projected
2,DALYs (Disability-Adjusted Life Years),2032,Observed projection,43.8800535969764,27.450873275326785,43.8800535969764,60.30923391862602,0,BAPC total-burden continuation,Projected
2,DALYs (Disability-Adjusted Life Years),2033,Observed projection,43.91933984642505,24.95741145105816,43.91933984642505,62.88126824179194,0,BAPC total-burden continuation,Projected
2,DALYs (Disability-Adjusted Life Years),2034,Observed projection,43.97306903070532,22.346734898727142,43.97306903070532,65.5994031626835,0,BAPC total-burden continuation,Projected
2,DALYs (Disability-Adjusted Life Years),2035,Observed projection,44.03659335093003,19.620535333463067,44.03659335093003,68.45265136839701,0,BAPC total-burden continuation,Projected
2,DALYs (Disability-Adjusted Life Years),2036,Observed projection,44.115176120220625,16.78461665052248,44.115176120220625,71.44573558991877,0,BAPC total-burden continuation,Projected
2,DALYs (Disability-Adjusted Life Years),2037,Observed projection,44.206295598931504,13.839961413132055,44.206295598931504,74.57262978473095,0,BAPC total-burden continuation,Projected
2,DALYs (Disability-Adjusted Life Years),2038,Observed projection,44.297989660200685,10.783156557943498,44.297989660200685,77.81282276245788,0,BAPC total-burden continuation,Projected
2,DALYs (Disability-Adjusted Life Years),2039,Observed projection,44.41069461707406,7.6165470061849305,44.41069461707406,81.20484222796318,0,BAPC total-burden continuation,Projected
2,DALYs (Disability-Adjusted Life Years),2040,Observed projection,44.54305393213802,4.338881259886672,44.54305393213802,84.74722660438937,0,BAPC total-burden continuation,Projected
2,DALYs (Disability-Adjusted Life Years),2041,Observed projection,44.700715443179675,0.9490528758094458,44.700715443179675,88.4523780105499,0,BAPC total-burden continuation,Projected
2,DALYs (Disability-Adjusted Life Years),2042,Observed projection,44.88408854609786,0,44.88408854609786,92.32427472365436,0,BAPC total-burden continuation,Projected
2,DALYs (Disability-Adjusted Life Years),2043,Observed projection,45.08031736588698,0,45.08031736588698,96.34097884255459,0,BAPC total-burden continuation,Projected
2,DALYs (Disability-Adjusted Life Years),2044,Observed projection,45.3042027619103,0,45.3042027619103,100.54056769926548,0,BAPC total-burden continuation,Projected
2,DALYs (Disability-Adjusted Life Years),2045,Observed projection,45.554434906719415,0,45.554434906719415,104.9252801417797,0,BAPC total-burden continuation,Projected
2,DALYs (Disability-Adjusted Life Years),2046,Observed projection,45.8331272429944,0,45.8331272429944,109.5053694267449,0,BAPC total-burden continuation,Projected
2,DALYs (Disability-Adjusted Life Years),2047,Observed projection,46.13755265251547,0,46.13755265251547,114.28027570056383,0,BAPC total-burden continuation,Projected
2,DALYs (Disability-Adjusted Life Years),2048,Observed projection,46.45074791635492,0,46.45074791635492,119.21389435566778,0,BAPC total-burden continuation,Projected
2,DALYs (Disability-Adjusted Life Years),2049,Observed projection,46.7818385432416,0,46.7818385432416,124.33572490792513,0,BAPC total-burden continuation,Projected
2,DALYs (Disability-Adjusted Life Years),2050,Observed projection,47.13063386222934,0,47.13063386222934,129.64989551527452,0,BAPC total-burden continuation,Projected
2,DALYs (Disability-Adjusted Life Years),1990,Scenario A: sex-equalized high BMI,55.5489867287856,55.36185606273639,55.5489867287856,55.73611739483481,0.11324652147942173,Total-burden projection minus deterministic sex-equalization fraction of high-BMI-attributable projection,Observed fit
2,DALYs (Disability-Adjusted Life Years),1991,Scenario A: sex-equalized high BMI,55.09286104877493,54.91065292647529,55.09286104877493,55.27506917107457,0.11324652147942173,Total-burden projection minus deterministic sex-equalization fraction of high-BMI-attributable projection,Observed fit
2,DALYs (Disability-Adjusted Life Years),1992,Scenario A: sex-equalized high BMI,54.75170668166795,54.57235462429325,54.75170668166795,54.931058739042655,0.11324652147942173,Total-burden projection minus deterministic sex-equalization fraction of high-BMI-attributable projection,Observed fit
2,DALYs (Disability-Adjusted Life Years),1993,Scenario A: sex-equalized high BMI,54.48987713679263,54.313105265170506,54.48987713679263,54.666649008414744,0.11324652147942173,Total-burden projection minus deterministic sex-equalization fraction of high-BMI-attributable projection,Observed fit
2,DALYs (Disability-Adjusted Life Years),1994,Scenario A: sex-equalized high BMI,54.485938697298515,54.31132357861855,54.485938697298515,54.66055381597849,0.11324652147942173,Total-burden projection minus deterministic sex-equalization fraction of high-BMI-attributable projection,Observed fit
2,DALYs (Disability-Adjusted Life Years),1995,Scenario A: sex-equalized high BMI,54.3935400578932,54.221081123556445,54.3935400578932,54.56599899222995,0.11324652147942173,Total-burden projection minus deterministic sex-equalization fraction of high-BMI-attributable projection,Observed fit
2,DALYs (Disability-Adjusted Life Years),1996,Scenario A: sex-equalized high BMI,53.83839804940239,53.668958332853194,53.83839804940239,54.007837765951585,0.11324652147942173,Total-burden projection minus deterministic sex-equalization fraction of high-BMI-attributable projection,Observed fit
2,DALYs (Disability-Adjusted Life Years),1997,Scenario A: sex-equalized high BMI,52.77025507478838,52.60464284281436,52.77025507478838,52.9358673067624,0.11324652147942173,Total-burden projection minus deterministic sex-equalization fraction of high-BMI-attributable projection,Observed fit
2,DALYs (Disability-Adjusted Life Years),1998,Scenario A: sex-equalized high BMI,52.00940349527413,51.847057846903034,52.00940349527413,52.171749143645215,0.11324652147942173,Total-burden projection minus deterministic sex-equalization fraction of high-BMI-attributable projection,Observed fit
2,DALYs (Disability-Adjusted Life Years),1999,Scenario A: sex-equalized high BMI,51.528433556691624,51.36915364254434,51.528433556691624,51.68771347083891,0.11324652147942173,Total-burden projection minus deterministic sex-equalization fraction of high-BMI-attributable projection,Observed fit
2,DALYs (Disability-Adjusted Life Years),2000,Scenario A: sex-equalized high BMI,51.05309248193658,50.896619380028994,51.05309248193658,51.20956558384415,0.11324652147942173,Total-burden projection minus deterministic sex-equalization fraction of high-BMI-attributable projection,Observed fit
2,DALYs (Disability-Adjusted Life Years),2001,Scenario A: sex-equalized high BMI,50.29653551836734,50.14351106166633,50.29653551836734,50.44955997506836,0.11324652147942173,Total-burden projection minus deterministic sex-equalization fraction of high-BMI-attributable projection,Observed fit
2,DALYs (Disability-Adjusted Life Years),2002,Scenario A: sex-equalized high BMI,49.147925283743085,48.99900246025279,49.147925283743085,49.29684810723339,0.11324652147942173,Total-burden projection minus deterministic sex-equalization fraction of high-BMI-attributable projection,Observed fit
2,DALYs (Disability-Adjusted Life Years),2003,Scenario A: sex-equalized high BMI,48.04349739015029,47.898534713633595,48.04349739015029,48.188460066666984,0.11324652147942173,Total-burden projection minus deterministic sex-equalization fraction of high-BMI-attributable projection,Observed fit
2,DALYs (Disability-Adjusted Life Years),2004,Scenario A: sex-equalized high BMI,47.36667903028009,47.22520622692385,47.36667903028009,47.50815183363633,0.11324652147942173,Total-burden projection minus deterministic sex-equalization fraction of high-BMI-attributable projection,Observed fit
2,DALYs (Disability-Adjusted Life Years),2005,Scenario A: sex-equalized high BMI,46.60841166077899,46.47018645927278,46.60841166077899,46.7466368622852,0.11324652147942173,Total-burden projection minus deterministic sex-equalization fraction of high-BMI-attributable projection,Observed fit
2,DALYs (Disability-Adjusted Life Years),2006,Scenario A: sex-equalized high BMI,46.45750250165233,46.32166098168714,46.45750250165233,46.593344021617504,0.11324652147942173,Total-burden projection minus deterministic sex-equalization fraction of high-BMI-attributable projection,Observed fit
2,DALYs (Disability-Adjusted Life Years),2007,Scenario A: sex-equalized high BMI,46.830660782406795,46.69633641604381,46.830660782406795,46.964985148769784,0.11324652147942173,Total-burden projection minus deterministic sex-equalization fraction of high-BMI-attributable projection,Observed fit
2,DALYs (Disability-Adjusted Life Years),2008,Scenario A: sex-equalized high BMI,47.54704155177346,47.41368716654623,47.54704155177346,47.680395937000696,0.11324652147942173,Total-burden projection minus deterministic sex-equalization fraction of high-BMI-attributable projection,Observed fit
2,DALYs (Disability-Adjusted Life Years),2009,Scenario A: sex-equalized high BMI,47.364648911180325,47.233554897739104,47.364648911180325,47.49574292462156,0.11324652147942173,Total-burden projection minus deterministic sex-equalization fraction of high-BMI-attributable projection,Observed fit
2,DALYs (Disability-Adjusted Life Years),2010,Scenario A: sex-equalized high BMI,46.807294267375326,46.67886139820763,46.807294267375326,46.935727136543015,0.11324652147942173,Total-burden projection minus deterministic sex-equalization fraction of high-BMI-attributable projection,Observed fit
2,DALYs (Disability-Adjusted Life Years),2011,Scenario A: sex-equalized high BMI,45.94887618397896,45.82355571988028,45.94887618397896,46.074196648077645,0.11324652147942173,Total-burden projection minus deterministic sex-equalization fraction of high-BMI-attributable projection,Observed fit
2,DALYs (Disability-Adjusted Life Years),2012,Scenario A: sex-equalized high BMI,45.38291954813868,45.260282232497474,45.38291954813868,45.5055568637799,0.11324652147942173,Total-burden projection minus deterministic sex-equalization fraction of high-BMI-attributable projection,Observed fit
2,DALYs (Disability-Adjusted Life Years),2013,Scenario A: sex-equalized high BMI,44.7605381517305,44.64064447090754,44.7605381517305,44.88043183255346,0.11324652147942173,Total-burden projection minus deterministic sex-equalization fraction of high-BMI-attributable projection,Observed fit
2,DALYs (Disability-Adjusted Life Years),2014,Scenario A: sex-equalized high BMI,45.05493574551232,44.93657512786869,45.05493574551232,45.17329636315595,0.11324652147942173,Total-burden projection minus deterministic sex-equalization fraction of high-BMI-attributable projection,Observed fit
2,DALYs (Disability-Adjusted Life Years),2015,Scenario A: sex-equalized high BMI,45.251010461666134,45.13403072103042,45.251010461666134,45.36799020230185,0.11324652147942173,Total-burden projection minus deterministic sex-equalization fraction of high-BMI-attributable projection,Observed fit
2,DALYs (Disability-Adjusted Life Years),2016,Scenario A: sex-equalized high BMI,45.72792953116529,45.61200324810945,45.72792953116529,45.84385581422112,0.11324652147942173,Total-burden projection minus deterministic sex-equalization fraction of high-BMI-attributable projection,Observed fit
2,DALYs (Disability-Adjusted Life Years),2017,Scenario A: sex-equalized high BMI,45.43463102249301,45.32082000533799,45.43463102249301,45.54844203964802,0.11324652147942173,Total-burden projection minus deterministic sex-equalization fraction of high-BMI-attributable projection,Observed fit
2,DALYs (Disability-Adjusted Life Years),2018,Scenario A: sex-equalized high BMI,44.32290404796441,44.21230791642113,44.32290404796441,44.43350017950768,0.11324652147942173,Total-burden projection minus deterministic sex-equalization fraction of high-BMI-attributable projection,Observed fit
2,DALYs (Disability-Adjusted Life Years),2019,Scenario A: sex-equalized high BMI,43.09825628551998,42.99100232190766,43.09825628551998,43.205510249132296,0.11324652147942173,Total-burden projection minus deterministic sex-equalization fraction of high-BMI-attributable projection,Observed fit
2,DALYs (Disability-Adjusted Life Years),2020,Scenario A: sex-equalized high BMI,42.16258102952853,42.05795980533192,42.16258102952853,42.26720225372515,0.11324652147942173,Total-burden projection minus deterministic sex-equalization fraction of high-BMI-attributable projection,Observed fit
2,DALYs (Disability-Adjusted Life Years),2021,Scenario A: sex-equalized high BMI,42.94001478161542,42.835654058557445,42.94001478161542,43.044375504673404,0.11324652147942173,Total-burden projection minus deterministic sex-equalization fraction of high-BMI-attributable projection,Observed fit
2,DALYs (Disability-Adjusted Life Years),2022,Scenario A: sex-equalized high BMI,44.86535421262043,44.75981581613755,44.86535421262043,44.97089260910331,0.11324652147942173,Total-burden projection minus deterministic sex-equalization fraction of high-BMI-attributable projection,Observed fit
2,DALYs (Disability-Adjusted Life Years),2023,Scenario A: sex-equalized high BMI,43.110667700372744,43.00778303408346,43.110667700372744,43.21355236666203,0.11324652147942173,Total-burden projection minus deterministic sex-equalization fraction of high-BMI-attributable projection,Observed fit
2,DALYs (Disability-Adjusted Life Years),2024,Scenario A: sex-equalized high BMI,43.73226789553483,42.07192387561882,43.73226789553483,45.392611915450836,0.11324652147942173,Total-burden projection minus deterministic sex-equalization fraction of high-BMI-attributable projection,Projected
2,DALYs (Disability-Adjusted Life Years),2025,Scenario A: sex-equalized high BMI,43.65652896718157,40.865833266914514,43.65652896718157,46.44722466744863,0.11324652147942173,Total-burden projection minus deterministic sex-equalization fraction of high-BMI-attributable projection,Projected
2,DALYs (Disability-Adjusted Life Years),2026,Scenario A: sex-equalized high BMI,43.60967595415735,39.384452845061226,43.60967595415735,47.83489906325349,0.11324652147942173,Total-burden projection minus deterministic sex-equalization fraction of high-BMI-attributable projection,Projected
2,DALYs (Disability-Adjusted Life Years),2027,Scenario A: sex-equalized high BMI,43.57803898949973,37.700666536611735,43.57803898949973,49.45541144238772,0.11324652147942173,Total-burden projection minus deterministic sex-equalization fraction of high-BMI-attributable projection,Projected
2,DALYs (Disability-Adjusted Life Years),2028,Scenario A: sex-equalized high BMI,43.54460762947289,35.83407845027747,43.54460762947289,51.25513680866831,0.11324652147942173,Total-burden projection minus deterministic sex-equalization fraction of high-BMI-attributable projection,Projected
2,DALYs (Disability-Adjusted Life Years),2029,Scenario A: sex-equalized high BMI,43.53159711545408,33.81662239509441,43.53159711545408,53.246571835813754,0.11324652147942173,Total-burden projection minus deterministic sex-equalization fraction of high-BMI-attributable projection,Projected
2,DALYs (Disability-Adjusted Life Years),2030,Scenario A: sex-equalized high BMI,43.5328493989232,31.656550902780385,43.5328493989232,55.409147895066006,0.11324652147942173,Total-burden projection minus deterministic sex-equalization fraction of high-BMI-attributable projection,Projected
2,DALYs (Disability-Adjusted Life Years),2031,Scenario A: sex-equalized high BMI,43.552396895617385,29.36597885796546,43.552396895617385,57.73881493326931,0.11324652147942173,Total-burden projection minus deterministic sex-equalization fraction of high-BMI-attributable projection,Projected
2,DALYs (Disability-Adjusted Life Years),2032,Scenario A: sex-equalized high BMI,43.58069388696174,26.94473250672075,43.58069388696174,60.216655267202725,0.11324652147942173,Total-burden projection minus deterministic sex-equalization fraction of high-BMI-attributable projection,Projected
2,DALYs (Disability-Adjusted Life Years),2033,Scenario A: sex-equalized high BMI,43.60190350035079,24.386848140149002,43.60190350035079,62.81695886055257,0.11324652147942173,Total-burden projection minus deterministic sex-equalization fraction of high-BMI-attributable projection,Projected
2,DALYs (Disability-Adjusted Life Years),2034,Scenario A: sex-equalized high BMI,43.63654137942656,21.704259064881494,43.63654137942656,65.56882369397162,0.11324652147942173,Total-burden projection minus deterministic sex-equalization fraction of high-BMI-attributable projection,Projected
2,DALYs (Disability-Adjusted Life Years),2035,Scenario A: sex-equalized high BMI,43.679815095496906,18.897823521297838,43.679815095496906,68.45265136839701,0.11324652147942173,Total-burden projection minus deterministic sex-equalization fraction of high-BMI-attributable projection,Projected
2,DALYs (Disability-Adjusted Life Years),2036,Scenario A: sex-equalized high BMI,43.73688753915607,15.972512943792053,43.73688753915607,71.44573558991877,0.11324652147942173,Total-burden projection minus deterministic sex-equalization fraction of high-BMI-attributable projection,Projected
2,DALYs (Disability-Adjusted Life Years),2037,Scenario A: sex-equalized high BMI,43.80523544912211,12.928622891545363,43.80523544912211,74.57262978473095,0.11324652147942173,Total-burden projection minus deterministic sex-equalization fraction of high-BMI-attributable projection,Projected
2,DALYs (Disability-Adjusted Life Years),2038,Scenario A: sex-equalized high BMI,43.87286377451058,9.761941819167202,43.87286377451058,77.81282276245788,0.11324652147942173,Total-burden projection minus deterministic sex-equalization fraction of high-BMI-attributable projection,Projected
2,DALYs (Disability-Adjusted Life Years),2039,Scenario A: sex-equalized high BMI,43.96005771243833,6.473664642770981,43.96005771243833,81.20484222796318,0.11324652147942173,Total-burden projection minus deterministic sex-equalization fraction of high-BMI-attributable projection,Projected
2,DALYs (Disability-Adjusted Life Years),2040,Scenario A: sex-equalized high BMI,44.065202073681576,3.0610167796197887,44.065202073681576,84.74722660438937,0.11324652147942173,Total-burden projection minus deterministic sex-equalization fraction of high-BMI-attributable projection,Projected
2,DALYs (Disability-Adjusted Life Years),2041,Scenario A: sex-equalized high BMI,44.19376106456042,0,44.19376106456042,88.4523780105499,0.11324652147942173,Total-burden projection minus deterministic sex-equalization fraction of high-BMI-attributable projection,Projected
2,DALYs (Disability-Adjusted Life Years),2042,Scenario A: sex-equalized high BMI,44.346073006325575,0,44.346073006325575,92.32427472365436,0.11324652147942173,Total-burden projection minus deterministic sex-equalization fraction of high-BMI-attributable projection,Projected
2,DALYs (Disability-Adjusted Life Years),2043,Scenario A: sex-equalized high BMI,44.50917790212637,0,44.50917790212637,96.34097884255459,0.11324652147942173,Total-burden projection minus deterministic sex-equalization fraction of high-BMI-attributable projection,Projected
2,DALYs (Disability-Adjusted Life Years),2044,Scenario A: sex-equalized high BMI,44.697645127374656,0,44.697645127374656,100.54056769926548,0.11324652147942173,Total-burden projection minus deterministic sex-equalization fraction of high-BMI-attributable projection,Projected
2,DALYs (Disability-Adjusted Life Years),2045,Scenario A: sex-equalized high BMI,44.90976099386299,0,44.90976099386299,104.9252801417797,0.11324652147942173,Total-burden projection minus deterministic sex-equalization fraction of high-BMI-attributable projection,Projected
2,DALYs (Disability-Adjusted Life Years),2046,Scenario A: sex-equalized high BMI,45.14733646453911,0,45.14733646453911,109.5053694267449,0.11324652147942173,Total-burden projection minus deterministic sex-equalization fraction of high-BMI-attributable projection,Projected
2,DALYs (Disability-Adjusted Life Years),2047,Scenario A: sex-equalized high BMI,45.40745541447257,0,45.40745541447257,114.28027570056383,0.11324652147942173,Total-burden projection minus deterministic sex-equalization fraction of high-BMI-attributable projection,Projected
2,DALYs (Disability-Adjusted Life Years),2048,Scenario A: sex-equalized high BMI,45.672928856790605,0,45.672928856790605,119.21389435566778,0.11324652147942173,Total-burden projection minus deterministic sex-equalization fraction of high-BMI-attributable projection,Projected
2,DALYs (Disability-Adjusted Life Years),2049,Scenario A: sex-equalized high BMI,45.952526328877944,0,45.952526328877944,124.33572490792513,0.11324652147942173,Total-burden projection minus deterministic sex-equalization fraction of high-BMI-attributable projection,Projected
2,DALYs (Disability-Adjusted Life Years),2050,Scenario A: sex-equalized high BMI,46.245484872489854,0,46.245484872489854,129.64989551527452,0.11324652147942173,Total-burden projection minus deterministic sex-equalization fraction of high-BMI-attributable projection,Projected
2,DALYs (Disability-Adjusted Life Years),1990,Scenario B: high BMI at TMREL,54.89193584090364,54.68757364784369,54.89193584090364,55.096298033963585,1,Total-burden projection minus full high-BMI-attributable projection; theoretical TMREL upper bound,Observed fit
2,DALYs (Disability-Adjusted Life Years),1991,Scenario B: high BMI at TMREL,54.41425820183251,54.21630954923809,54.41425820183251,54.61220685442693,1,Total-burden projection minus full high-BMI-attributable projection; theoretical TMREL upper bound,Observed fit
2,DALYs (Disability-Adjusted Life Years),1992,Scenario B: high BMI at TMREL,54.050626096162226,53.855415428338404,54.050626096162226,54.24583676398604,1,Total-burden projection minus full high-BMI-attributable projection; theoretical TMREL upper bound,Observed fit
2,DALYs (Disability-Adjusted Life Years),1993,Scenario B: high BMI at TMREL,53.765940037972676,53.573164894388945,53.765940037972676,53.9587151815564,1,Total-burden projection minus full high-BMI-attributable projection; theoretical TMREL upper bound,Observed fit
2,DALYs (Disability-Adjusted Life Years),1994,Scenario B: high BMI at TMREL,53.73310550975956,53.542271260766434,53.73310550975956,53.923939758752695,1,Total-burden projection minus full high-BMI-attributable projection; theoretical TMREL upper bound,Observed fit
2,DALYs (Disability-Adjusted Life Years),1995,Scenario B: high BMI at TMREL,53.611543999545546,53.42263395182943,53.611543999545546,53.80045404726166,1,Total-burden projection minus full high-BMI-attributable projection; theoretical TMREL upper bound,Observed fit
2,DALYs (Disability-Adjusted Life Years),1996,Scenario B: high BMI at TMREL,53.035523124772794,52.84952168862451,53.035523124772794,53.221524560921075,1,Total-burden projection minus full high-BMI-attributable projection; theoretical TMREL upper bound,Observed fit
2,DALYs (Disability-Adjusted Life Years),1997,Scenario B: high BMI at TMREL,51.95452147398938,51.77234528141983,51.95452147398938,52.13669766655893,1,Total-burden projection minus full high-BMI-attributable projection; theoretical TMREL upper bound,Observed fit
2,DALYs (Disability-Adjusted Life Years),1998,Scenario B: high BMI at TMREL,51.18100138903736,51.00208964979925,51.18100138903736,51.35991312827546,1,Total-burden projection minus full high-BMI-attributable projection; theoretical TMREL upper bound,Observed fit
2,DALYs (Disability-Adjusted Life Years),1999,Scenario B: high BMI at TMREL,50.68217313007225,50.506293725431824,50.68217313007225,50.85805253471267,1,Total-burden projection minus full high-BMI-attributable projection; theoretical TMREL upper bound,Observed fit
2,DALYs (Disability-Adjusted Life Years),2000,Scenario B: high BMI at TMREL,50.191186479281704,50.018092432918905,50.191186479281704,50.364280525644496,1,Total-burden projection minus full high-BMI-attributable projection; theoretical TMREL upper bound,Observed fit
2,DALYs (Disability-Adjusted Life Years),2001,Scenario B: high BMI at TMREL,49.42595391656999,49.25639136133092,49.42595391656999,49.595516471809056,1,Total-burden projection minus full high-BMI-attributable projection; theoretical TMREL upper bound,Observed fit
2,DALYs (Disability-Adjusted Life Years),2002,Scenario B: high BMI at TMREL,48.28848663451257,48.12335153741028,48.28848663451257,48.453621731614874,1,Total-burden projection minus full high-BMI-attributable projection; theoretical TMREL upper bound,Observed fit
2,DALYs (Disability-Adjusted Life Years),2003,Scenario B: high BMI at TMREL,47.20232407285911,47.04155074802496,47.20232407285911,47.36309739769327,1,Total-burden projection minus full high-BMI-attributable projection; theoretical TMREL upper bound,Observed fit
2,DALYs (Disability-Adjusted Life Years),2004,Scenario B: high BMI at TMREL,46.54177805783551,46.3848867226933,46.54177805783551,46.698669392977706,1,Total-burden projection minus full high-BMI-attributable projection; theoretical TMREL upper bound,Observed fit
2,DALYs (Disability-Adjusted Life Years),2005,Scenario B: high BMI at TMREL,45.78344628157192,45.62998507634569,45.78344628157192,45.93690748679815,1,Total-burden projection minus full high-BMI-attributable projection; theoretical TMREL upper bound,Observed fit
2,DALYs (Disability-Adjusted Life Years),2006,Scenario B: high BMI at TMREL,45.61589031724411,45.46483665407388,45.61589031724411,45.76694398041433,1,Total-burden projection minus full high-BMI-attributable projection; theoretical TMREL upper bound,Observed fit
2,DALYs (Disability-Adjusted Life Years),2007,Scenario B: high BMI at TMREL,45.96048476477588,45.81084278085924,45.96048476477588,46.110126748692515,1,Total-burden projection minus full high-BMI-attributable projection; theoretical TMREL upper bound,Observed fit
2,DALYs (Disability-Adjusted Life Years),2008,Scenario B: high BMI at TMREL,46.64241728383664,46.49357905455152,46.64241728383664,46.79125551312177,1,Total-burden projection minus full high-BMI-attributable projection; theoretical TMREL upper bound,Observed fit
2,DALYs (Disability-Adjusted Life Years),2009,Scenario B: high BMI at TMREL,46.445722600397595,46.299204855224815,46.445722600397595,46.59224034557038,1,Total-burden projection minus full high-BMI-attributable projection; theoretical TMREL upper bound,Observed fit
2,DALYs (Disability-Adjusted Life Years),2010,Scenario B: high BMI at TMREL,45.880073982468225,45.73632396776777,45.880073982468225,46.023823997168684,1,Total-burden projection minus full high-BMI-attributable projection; theoretical TMREL upper bound,Observed fit
2,DALYs (Disability-Adjusted Life Years),2011,Scenario B: high BMI at TMREL,45.01969534099631,44.87923325379261,45.01969534099631,45.160157428200016,1,Total-burden projection minus full high-BMI-attributable projection; theoretical TMREL upper bound,Observed fit
2,DALYs (Disability-Adjusted Life Years),2012,Scenario B: high BMI at TMREL,44.43241265415971,44.294633291071506,44.43241265415971,44.57019201724793,1,Total-burden projection minus full high-BMI-attributable projection; theoretical TMREL upper bound,Observed fit
2,DALYs (Disability-Adjusted Life Years),2013,Scenario B: high BMI at TMREL,43.77727296170979,43.64214984307103,43.77727296170979,43.912396080348536,1,Total-burden projection minus full high-BMI-attributable projection; theoretical TMREL upper bound,Observed fit
2,DALYs (Disability-Adjusted Life Years),2014,Scenario B: high BMI at TMREL,44.01561740288535,43.88176394725374,44.01561740288535,44.149470858516956,1,Total-burden projection minus full high-BMI-attributable projection; theoretical TMREL upper bound,Observed fit
2,DALYs (Disability-Adjusted Life Years),2015,Scenario B: high BMI at TMREL,44.15733534463728,44.024615157103625,44.15733534463728,44.29005553217094,1,Total-burden projection minus full high-BMI-attributable projection; theoretical TMREL upper bound,Observed fit
2,DALYs (Disability-Adjusted Life Years),2016,Scenario B: high BMI at TMREL,44.58295249190985,44.451086318265325,44.58295249190985,44.71481866555437,1,Total-burden projection minus full high-BMI-attributable projection; theoretical TMREL upper bound,Observed fit
2,DALYs (Disability-Adjusted Life Years),2017,Scenario B: high BMI at TMREL,44.27167473942654,44.142018168520025,44.27167473942654,44.40133131033305,1,Total-burden projection minus full high-BMI-attributable projection; theoretical TMREL upper bound,Observed fit
2,DALYs (Disability-Adjusted Life Years),2018,Scenario B: high BMI at TMREL,43.17829752954162,43.05225002816594,43.17829752954162,43.30434503091728,1,Total-burden projection minus full high-BMI-attributable projection; theoretical TMREL upper bound,Observed fit
2,DALYs (Disability-Adjusted Life Years),2019,Scenario B: high BMI at TMREL,41.980198094066594,41.85791369676946,41.980198094066594,42.10248249136373,1,Total-burden projection minus full high-BMI-attributable projection; theoretical TMREL upper bound,Observed fit
2,DALYs (Disability-Adjusted Life Years),2020,Scenario B: high BMI at TMREL,41.049282753870635,40.92984011793113,41.049282753870635,41.16872538981014,1,Total-burden projection minus full high-BMI-attributable projection; theoretical TMREL upper bound,Observed fit
2,DALYs (Disability-Adjusted Life Years),2021,Scenario B: high BMI at TMREL,41.73944713594315,41.61980423099243,41.73944713594315,41.85909004089389,1,Total-burden projection minus full high-BMI-attributable projection; theoretical TMREL upper bound,Observed fit
2,DALYs (Disability-Adjusted Life Years),2022,Scenario B: high BMI at TMREL,43.56810299921042,43.44678119707521,43.56810299921042,43.68942480134562,1,Total-burden projection minus full high-BMI-attributable projection; theoretical TMREL upper bound,Observed fit
2,DALYs (Disability-Adjusted Life Years),2023,Scenario B: high BMI at TMREL,41.76236864887477,41.642965263095014,41.76236864887477,41.88177203465453,1,Total-burden projection minus full high-BMI-attributable projection; theoretical TMREL upper bound,Observed fit
2,DALYs (Disability-Adjusted Life Years),2024,Scenario B: high BMI at TMREL,42.27736380765265,40.51789706137569,42.27736380765265,44.0368305539296,1,Total-burden projection minus full high-BMI-attributable projection; theoretical TMREL upper bound,Projected
2,DALYs (Disability-Adjusted Life Years),2025,Scenario B: high BMI at TMREL,42.11149216998477,39.14241536502616,42.11149216998477,45.08056897494339,1,Total-burden projection minus full high-BMI-attributable projection; theoretical TMREL upper bound,Projected
2,DALYs (Disability-Adjusted Life Years),2026,Scenario B: high BMI at TMREL,41.9688234045448,37.45663931217192,41.9688234045448,46.48100749691767,1,Total-burden projection minus full high-BMI-attributable projection; theoretical TMREL upper bound,Projected
2,DALYs (Disability-Adjusted Life Years),2027,Scenario B: high BMI at TMREL,41.83579385862262,35.53413016716135,41.83579385862262,48.13745755008389,1,Total-burden projection minus full high-BMI-attributable projection; theoretical TMREL upper bound,Projected
2,DALYs (Disability-Adjusted Life Years),2028,Scenario B: high BMI at TMREL,41.69535512987221,33.393019716796445,41.69535512987221,49.997690542947964,1,Total-burden projection minus full high-BMI-attributable projection; theoretical TMREL upper bound,Projected
2,DALYs (Disability-Adjusted Life Years),2029,Scenario B: high BMI at TMREL,41.56915335620519,31.062210326279448,41.56915335620519,52.076096386130935,1,Total-burden projection minus full high-BMI-attributable projection; theoretical TMREL upper bound,Projected
2,DALYs (Disability-Adjusted Life Years),2030,Scenario B: high BMI at TMREL,41.450420104200255,28.546448656395498,41.450420104200255,54.354391552005005,1,Total-burden projection minus full high-BMI-attributable projection; theoretical TMREL upper bound,Projected
2,DALYs (Disability-Adjusted Life Years),2031,Scenario B: high BMI at TMREL,41.34270514972033,25.85401048252295,41.34270514972033,56.83139981691772,1,Total-burden projection minus full high-BMI-attributable projection; theoretical TMREL upper bound,Projected
2,DALYs (Disability-Adjusted Life Years),2032,Scenario B: high BMI at TMREL,41.236619554995144,22.981501836858325,41.236619554995144,59.49173727313197,1,Total-burden projection minus full high-BMI-attributable projection; theoretical TMREL upper bound,Projected
2,DALYs (Disability-Adjusted Life Years),2033,Scenario B: high BMI at TMREL,41.11628380613911,19.919170068846384,41.11628380613911,62.313397543431826,1,Total-burden projection minus full high-BMI-attributable projection; theoretical TMREL upper bound,Projected
2,DALYs (Disability-Adjusted Life Years),2034,Scenario B: high BMI at TMREL,41.00143116596162,16.67348484695939,41.00143116596162,65.32937748496386,1,Total-burden projection minus full high-BMI-attributable projection; theoretical TMREL upper bound,Projected
2,DALYs (Disability-Adjusted Life Years),2035,Scenario B: high BMI at TMREL,40.88613671197747,13.23877805982748,40.88613671197747,68.45265136839701,1,Total-burden projection minus full high-BMI-attributable projection; theoretical TMREL upper bound,Projected
2,DALYs (Disability-Adjusted Life Years),2036,Scenario B: high BMI at TMREL,40.77477699693902,9.613502729129351,40.77477699693902,71.44573558991877,1,Total-burden projection minus full high-BMI-attributable projection; theoretical TMREL upper bound,Projected
2,DALYs (Disability-Adjusted Life Years),2037,Scenario B: high BMI at TMREL,40.66481684470529,5.79257497087128,40.66481684470529,74.57262978473095,1,Total-burden projection minus full high-BMI-attributable projection; theoretical TMREL upper bound,Projected
2,DALYs (Disability-Adjusted Life Years),2038,Scenario B: high BMI at TMREL,40.54400339963942,1.76553089107599,40.54400339963942,77.81282276245788,1,Total-burden projection minus full high-BMI-attributable projection; theoretical TMREL upper bound,Projected
2,DALYs (Disability-Adjusted Life Years),2039,Scenario B: high BMI at TMREL,40.43143857681132,0,40.43143857681132,81.20484222796318,1,Total-burden projection minus full high-BMI-attributable projection; theoretical TMREL upper bound,Projected
2,DALYs (Disability-Adjusted Life Years),2040,Scenario B: high BMI at TMREL,40.32348186746074,0,40.32348186746074,84.74722660438937,1,Total-burden projection minus full high-BMI-attributable projection; theoretical TMREL upper bound,Projected
2,DALYs (Disability-Adjusted Life Years),2041,Scenario B: high BMI at TMREL,40.22415958966172,0,40.22415958966172,88.4523780105499,1,Total-burden projection minus full high-BMI-attributable projection; theoretical TMREL upper bound,Projected
2,DALYs (Disability-Adjusted Life Years),2042,Scenario B: high BMI at TMREL,40.13325352932387,0,40.13325352932387,92.32427472365436,1,Total-burden projection minus full high-BMI-attributable projection; theoretical TMREL upper bound,Projected
2,DALYs (Disability-Adjusted Life Years),2043,Scenario B: high BMI at TMREL,40.036988385010574,0,40.036988385010574,96.34097884255459,1,Total-burden projection minus full high-BMI-attributable projection; theoretical TMREL upper bound,Projected
2,DALYs (Disability-Adjusted Life Years),2044,Scenario B: high BMI at TMREL,39.94812094489959,0,39.94812094489959,100.54056769926548,1,Total-burden projection minus full high-BMI-attributable projection; theoretical TMREL upper bound,Projected
2,DALYs (Disability-Adjusted Life Years),2045,Scenario B: high BMI at TMREL,39.861775172587336,0,39.861775172587336,104.9252801417797,1,Total-burden projection minus full high-BMI-attributable projection; theoretical TMREL upper bound,Projected
2,DALYs (Disability-Adjusted Life Years),2046,Scenario B: high BMI at TMREL,39.777393525999734,0,39.777393525999734,109.5053694267449,1,Total-burden projection minus full high-BMI-attributable projection; theoretical TMREL upper bound,Projected
2,DALYs (Disability-Adjusted Life Years),2047,Scenario B: high BMI at TMREL,39.69057990222609,0,39.69057990222609,114.28027570056383,1,Total-burden projection minus full high-BMI-attributable projection; theoretical TMREL upper bound,Projected
2,DALYs (Disability-Adjusted Life Years),2048,Scenario B: high BMI at TMREL,39.58237748516552,0,39.58237748516552,119.21389435566778,1,Total-burden projection minus full high-BMI-attributable projection; theoretical TMREL upper bound,Projected
2,DALYs (Disability-Adjusted Life Years),2049,Scenario B: high BMI at TMREL,39.45876845217174,0,39.45876845217174,124.33572490792513,1,Total-burden projection minus full high-BMI-attributable projection; theoretical TMREL upper bound,Projected
2,DALYs (Disability-Adjusted Life Years),2050,Scenario B: high BMI at TMREL,39.314508667599625,0,39.314508667599625,129.64989551527452,1,Total-burden projection minus full high-BMI-attributable projection; theoretical TMREL upper bound,Projected
